1157582758,1033696490,1550635515
1191350697,1033696490,1550635515
1201538835,1033696490,1550635515
1172574252,1033696490,1550635515
1318103540,1033696490,1550635515
1179620921,1033696490,1550635515
1162959018,1033696490,1550635515
1178124414,1033696490,1550635515
1169372683,1033696490,1550635515
1154691985,1033696490,1550635515
1152607846,1033696490,1550635515
1158666503,1033696490,1550635515
1169587387,1033696490,1550635515
1152204033,1033696490,1550635515
1159271946,1033696490,1550635515
1145210887,1033696490,1550635515
1155839926,1033696490,1550635515
1144872139,1033696490,1550635515
1136839331,1033696490,1550635515
1161814437,1033696490,1550635515
1146299913,1033696490,1550635515
1153182410,1033696490,1550635515
1164598785,1033696490,1550635515
1150367714,1033696490,1550635515
1154237336,1033696490,1550635515
1150253198,1033696490,1550635515
1148597037,1033696490,1550635515
1153525847,1033696490,1550635515
1148683708,1033696490,1550635515
1152197739,1033696490,1550635515
1148884483,1033696490,1550635515
1143533087,1033696490,1550635515
1181280133,1033696490,1550635515
1159363528,1033696490,1550635515
1154280828,1033696490,1550635515
1151827413,1033696490,1550635515
1163874174,1033696490,1550635515
1160342644,1033696490,1550635515
1162975966,1033696490,1550635515
1151109964,1033696490,1550635515
1151628036,1033696490,1550635515
1155076310,1033696490,1550635515
1154846984,1033696490,1550635515
1150768771,1033696490,1550635515
1163429833,1033696490,1550635515
1145126272,1033696490,1550635515
1162597732,1033696490,1550635515
1154304960,1033696490,1550635515
1154444073,1033696490,1550635515
1150638843,1033696490,1550635515
1157508608,1033696490,1550635515
1165980145,1033696490,1550635515
1146167188,1033696490,1550635515
1151321841,1033696490,1550635515
1149337299,1033696490,1550635515
1160426852,1033696490,1550635515
1157805971,1033696490,1550635515
1152701725,1033696490,1550635515
1156392565,1033696490,1550635515
1148345936,1033696490,1550635515
1148555115,1033696490,1550635515
1150710778,1033696490,1550635515
1156483025,1033696490,1550635515
1157513202,1033696490,1550635515
1155572049,1033696490,1550635515
1150428891,1033696490,1550635515
1157500126,1033696490,1550635515
1164138387,1033696490,1550635515
1149589279,1033696490,1550635515
1136383706,1033696490,1550635515
1153794194,1033696490,1550635515
1146505642,1033696490,1550635515
1151305449,1033696490,1550635515
1144161391,1033696490,1550635515
1142607333,1033696490,1550635515
1156146841,1033696490,1550635515
1149571697,1033696490,1550635515
1149968709,1033696490,1550635515
1151885530,1033696490,1550635515
1143081519,1033696490,1550635515
1143224478,1033696490,1550635515
1170816536,1033696490,1550635515
1146501089,1033696490,1550635515
1153672943,1033696490,1550635515
1150003506,1033696490,1550635515
1151272692,1033696490,1550635515
1152284268,1033696490,1550635515
1172733126,1033696490,1550635515
1147649275,1033696490,1550635515
1145070619,1033696490,1550635515
